-- Insertar datos en VentasProductoA
INSERT INTO SalesPA (SALE_DATE, TOTAL_AMOUNT, PRODUCT_CODE, PRODUCT_TYPE)
VALUES
('2024-06-01', 1500.50, 'A001', 'ProductoA'),
('2024-06-02', 1300.75, 'A002', 'ProductoA'),
('2024-06-03', 1600.00, 'A003', 'ProductoA'),
('2024-06-04', 1800.20, 'A004', 'ProductoA'),
('2024-06-05', 1100.45, 'A005', 'ProductoA'),
('2024-06-06', 1700.90, 'A006', 'ProductoA'),
('2024-06-07', 1400.60, 'A007', 'ProductoA'),
('2024-06-08', 1900.80, 'A008', 'ProductoA'),
('2024-06-09', 1200.10, 'A009', 'ProductoA'),
('2024-06-10', 2100.55, 'A010', 'ProductoA');

-- Insertar datos en VentasProductoB
INSERT INTO SalesPB (SALE_DATE, TOTAL_AMOUNT, PRODUCT_CODE, PRODUCT_TYPE)
VALUES
('2024-06-01', 2500.50, 'B001', 'ProductoB'),
('2024-06-02', 2300.75, 'B002', 'ProductoB'),
('2024-06-03', 2600.00, 'B003', 'ProductoB'),
('2024-06-04', 2800.20, 'B004', 'ProductoB'),
('2024-06-05', 2100.45, 'B005', 'ProductoB'),
('2024-06-06', 2700.90, 'B006', 'ProductoB'),
('2024-06-07', 2400.60, 'B007', 'ProductoB'),
('2024-06-08', 2900.80, 'B008', 'ProductoB'),
('2024-06-09', 2200.10, 'B009', 'ProductoB'),
('2024-06-10', 3100.55, 'B010', 'ProductoB');

-- Insertar datos en VentasProductoC
INSERT INTO SalesPC (SALE_DATE, TOTAL_AMOUNT, PRODUCT_CODE, PRODUCT_TYPE)
VALUES
('2024-06-01', 3500.50, 'C001', 'ProductoC'),
('2024-06-02', 3300.75, 'C002', 'ProductoC'),
('2024-06-03', 3600.00, 'C003', 'ProductoC'),
('2024-06-04', 3800.20, 'C004', 'ProductoC'),
('2024-06-05', 3100.45, 'C005', 'ProductoC'),
('2024-06-06', 3700.90, 'C006', 'ProductoC'),
('2024-06-07', 3400.60, 'C007', 'ProductoC'),
('2024-06-08', 3900.80, 'C008', 'ProductoC'),
('2024-06-09', 3200.10, 'C009', 'ProductoC'),
('2024-06-10', 4100.55, 'C010', 'ProductoC');
